filename,R,G,B,A1,A2,A3,A4,A5,A6,a1,a2,a3,a4,a5,a6,a7,a8,a9,a10,a11,a12,a13,a14,a15,a16,a17,a18
image_001.jpg,228.77073008642492,175.4323554543177,160.50804139366193,0.6603693257410466,1.565916666666666,0.22401433691756295,1.2142808568514107,1.245799327892463,2.8536546055282423,0.42810602835391726,2.3719768091416946,0.34150981609418074,0.8648935867765323,1.0191680673880792,1.257530999425182,2.2556175727374974,0.4738513364947604,0.41212374435753596,0.6477274182080753,1.7382048250884947,0.7556604102932233,0.7188022465132834,1.5543514234782032,0.8684389835983065,0.9794644987359898,1.0059844349570037,1.1561437198967996
image_002.jpg,224.33538286069333,183.8548032557446,159.89184509304044,0.5973049031280444,1.6548450653770383,0.3213514835813159,0.9438785211745857,1.4499586435070313,2.3003533568904584,0.5178277344489636,2.2488103092035128,0.37495460993731705,1.0061007670568696,0.9478490607681935,1.18764282576473,2.285541288245616,0.5041737988997004,0.35187756644447626,0.6548472994447363,1.4973405940647588,0.989404760080298,0.6408410006105772,1.5469139141626083,0.9538377388166075,1.3244557968056963,0.9260045711909446,0.8911322855931527
image_003.jpg,215.5839256961547,186.08663060131516,167.4432313552651,0.5315630818334957,1.801901110312329,0.2720871096042245,0.8883289892846802,1.3784064296359384,3.133683596030356,0.47621427240066144,2.308113050155687,0.3572653310334449,0.8975817703953965,0.8159989882909284,1.4280118949034681,2.407668036270005,0.41831328436031345,0.31561133295947474,0.7118148562467745,1.446676586104097,0.9831012112389218,0.7263486549339285,1.4932101034575662,0.9220338951982987,1.2424100587215356,0.9716148067930725,0.927567788075185
image_004.jpg,227.8441770283056,177.85268606362,159.92696355237487,0.5555171370532052,1.7303866576920224,0.30286762707257375,1.0072323241541372,1.4165993342167353,2.407297907103398,0.4568481251416359,2.3451428261007936,0.33960170234736353,0.8962029852682126,0.8999838999111321,1.3454057684104488,2.2966722061239824,0.48501221244548376,0.35990823502032765,0.6663343734414161,1.4535658006703334,1.0216924794780435,0.658199574619438,1.448326344153086,1.035066734817269,1.3363774565780266,0.9059828741850926,0.899232322826674
image_005.jpg,205.0228245313059,167.15191974317935,141.5102167115865,0.5427641313998233,1.7989352262644163,0.23246699669967033,1.013865361691449,1.302986538775954,3.33496910214467,0.44678935374913015,2.366803694723433,0.32799960511722964,0.8487279965243006,0.8805870051400757,1.412277651925417,2.333605102180212,0.45671761598856087,0.351269935421019,0.7197287026791985,1.5887796233275309,0.8330843275830639,0.7232412824578852,1.5627519458667753,0.8555994252651328,1.0401065455216139,1.051779342505219,1.0497067655629602
image_006.jpg,211.788511059101,187.44612166216353,169.15029328517628,0.5895857510469764,1.7061811294765834,0.2565087777409738,1.0709218180958244,1.3024702765970546,2.7784338896020486,0.4028432858795019,2.4015065905605133,0.3372427771497776,0.9101235386507037,0.913814486898453,1.3176546280406367,2.364263996089441,0.4312917551009398,0.34603690239941204,0.6530131361843545,1.519241049771711,0.9693384676337276,0.7161978345684067,1.3806729020817112,1.044721916939675,1.3823370477363377,0.8448541455433115,0.914401460310144
image_007.jpg,200.31184187977567,159.2665651122643,140.1075232781945,0.5276686091159591,1.8269373607328534,0.3220122777644905,1.001410474771131,1.3945961995249396,2.3066518277544756,0.5220211605961721,2.2898262985389533,0.3297451944546679,0.982199756766874,0.9797351515920218,1.1796577452308974,2.2686194385996257,0.5319766412799104,0.340996573710257,0.7115290215945698,1.2823159685572607,1.1477476634379626,0.7229933133828768,1.2671142106825577,1.1514851295243587,1.8833556145439458,0.62593158769243,0.6323054513534173
image_008.jpg,126.93453452833207,91.57473143873648,74.74542393696747,0.5494375674148644,1.9085383785903336,0.19523444976076543,1.1801508786195058,1.1196135949828048,3.696737403010193,0.3441441765596469,2.512945911064379,0.2845025659657673,0.7061714952954203,0.8153043394725732,1.6201168188217996,2.4282420181195516,0.376882015189506,0.33646862028073493,0.7620634778912485,1.3800726118579358,0.999456563840609,0.7870756120996736,1.3027637680331137,1.051753273457006,1.3592609222202343,0.8363294684484679,0.9460022629210908
image_009.jpg,224.268485400602,180.80403338275278,177.3995534711676,0.5564825061717887,1.7318295739348357,0.3313144141063845,0.9093049078392179,1.4677314211212518,2.3466421906073105,0.4336198281726752,2.3622006522884065,0.3457721731287126,0.8843116654884905,0.8471711795153759,1.4101098085859272,2.3900798200964624,0.41741722725246416,0.33409560624086654,0.7321232779975092,1.1608232834285428,1.2486460921637412,0.6527544449515534,1.3089387806053758,1.1798994280328636,1.7234456551901618,0.7555562787303389,0.6625907196692925
image_010.jpg,193.65558721403426,138.1224267299546,116.63990252035953,0.5184838850445732,2.0392829900839087,0.19405452078450688,1.161994037381034,1.2881831610044323,3.255981724179391,0.367254420988567,2.4893189437110412,0.2850192888901843,0.7878980019498759,0.8783618967165833,1.4753327549233342,2.4193472694966847,0.4026546535518729,0.3195907305412359,0.662188643721969,1.642568259730716,0.8368357501371083,0.7126239414434576,1.494590419805783,0.9343782923405523,1.0660838532883328,0.9818569154818632,1.0936518848195973
image_011.jpg,220.74864935715436,168.80910759261138,158.91043155026608,0.5441495445044761,1.8613374440284827,0.29793981278978166,0.961416346012322,1.4082375932725328,2.447601101608931,0.46835889594666485,2.334275323099114,0.33895843454401414,0.8938134403772678,0.8924970049920855,1.3552822082204399,2.3561210795332492,0.4541849868925173,0.3312865871640271,0.6884166835206345,1.3696188751110663,1.0835570949580926,0.6748860596609552,1.3707272912302584,1.09597930269858,1.517311910909781,0.8286828193413531,0.7955979233386589
image_012.jpg,133.49463103965488,82.47349853986087,54.65621675055179,0.678187992988606,1.4430479803968097,0.19497272138828065,1.0985152453992924,1.2020635760511205,3.9688231968338625,0.3617111790454472,2.4331202898796986,0.34676118466464695,0.7820135273428886,0.8671169211386314,1.492462205108273,2.3413959074768065,0.39144362473948097,0.40875312137350645,0.7662214768944048,1.5965072190631318,0.7788639576322569,0.8072777672675183,1.4957594726103,0.8385554137119748,0.9429421043597284,1.059925114283352,1.1387254349467129
image_013.jpg,227.68091779899615,187.12409890835977,155.61474715972926,0.6029660083694289,1.7387030890987982,0.35196333902417143,1.092256354892531,1.6738951864629539,1.4822841836113498,0.5221514606060434,2.292798285537278,0.3266429074464723,1.032003280659794,1.115908522043685,0.9936808508863141,2.2487048619148142,0.5484547562697839,0.34443303540519465,0.5126438204845104,1.6465174040703028,0.98243142903498,0.5126895825114905,1.6168595057015827,1.0120435653767201,1.3550516036697202,0.8723368827941259,0.9142041671259471
image_014.jpg,219.77169442350615,176.56350874939068,169.77781807170516,0.48540010707960957,2.0724650051212015,0.26759855648439995,0.9319681553067398,1.4714652634216614,2.7088070592228086,0.5053590149080932,2.3131199909053906,0.32311364777631,0.9898501828713947,0.9156622152301249,1.2360802554882737,2.3690429216057223,0.4815760881741035,0.290973643809968,0.6427457718167068,1.596249553964142,0.9025973278089444,0.6135140472370016,1.6997195778878629,0.828359028464929,1.1370486282530305,1.0177060839190804,0.9868379414176826
image_015.jpg,242.84328192645734,202.33958963244734,180.82379041710377,0.5758500194131678,1.7106936141948945,0.2809950407934731,0.9953557495820172,1.4679002726918582,2.4725486418801776,0.462264430876481,2.3334420384416212,0.3458861842716913,0.9346749931851339,0.9359682830646767,1.2709493773399827,2.335471065080027,0.45714823433542884,0.3489733541743375,0.6415318258402111,1.5723621013705236,0.9276987263790586,0.6341271534969097,1.6068282909531029,0.9006372091397808,1.1381859990699486,0.9990218752426517,1.004384779277193
image_016.jpg,214.34524483948056,174.3935886768482,143.198407570085,0.5992736077481838,1.616438356164384,0.29417886322874887,1.0211173664337887,1.4169603383097327,2.4253302253302267,0.5385536650301928,2.2356046431024046,0.3674343454571965,0.9717015547770409,0.9833526946815665,1.186538404131186,2.228851997743776,0.5326387549149111,0.38010190093110585,0.6254707318103138,1.6933783377089688,0.8227435840705108,0.6664274320751917,1.6249690754738626,0.850196146040739,1.0307632434772669,1.0358219335117418,1.0750074766007847
image_017.jpg,203.76888042405645,179.48842228380818,165.67825128346726,0.7312312312312321,1.4970029970029957,0.17064075518336214,1.382867751060821,1.0497401633259087,3.68788501026694,0.28346229457727,2.587838964023941,0.27029139498858257,0.569731589700989,0.8968391791991135,1.6750218846896905,2.2956764658477242,0.366768738643007,0.47914744909906204,0.7735764556746858,1.5262713179603724,0.8417448799547349,0.8145797539813103,1.214557083655453,1.11245581595303,1.1178961767864264,0.9147644349969389,1.108932041806428
image_018.jpg,228.61665664330317,188.84367015992598,170.64638115103398,0.6076315282327996,1.7040118220130263,0.3188656195462479,1.1368145385286879,1.2677381221861719,2.1016492229622594,0.5788275925287087,2.210072252016138,0.3526928090449466,0.9863153063358882,1.077663594398904,1.0776137528550012,2.11187556371871,0.6396850566933873,0.3900320331776962,0.684418072128193,1.4283077025447768,1.0288668789168234,0.6899028614838077,1.3827312068223128,1.0689585852836725,1.6518078027348535,0.7173694245492827,0.7724154263056571
image_019.jpg,184.79550372353654,154.41951196666986,145.18062854188975,0.6134080052709605,1.7569092750687272,0.24148293092001877,1.0363570523266346,1.3855995985950826,2.6758861439312542,0.35897493667529273,2.4679243845938696,0.3146933323206314,0.7853363981466569,0.9008241666015944,1.4554320888415417,2.401934053858369,0.3839079812702184,0.35575061846120576,0.7038298349665025,1.4562716019659872,0.9814912166573034,0.6485751716850713,1.3987824707954561,1.0942350111092656,1.302255194794765,0.9496740585652323,0.8896634002297961
image_020.jpg,215.62346791436937,182.51394366961935,169.55098422663616,0.6071461208078223,1.7971752340285772,0.2396866635175562,1.20071842702294,1.4729416132924897,2.161950632149307,0.40130971205376004,2.413985993052688,0.32629694848334573,0.8384711709741063,0.942550861754334,1.3605706208613528,2.372032829505724,0.41739288352754045,0.3521669405565295,0.5726079479566568,1.6893143964747213,0.8796703091584154,0.6461842619722884,1.5075835394324038,0.9878248521851013,1.047252861371234,0.9594538742250875,1.134885917993472
image_021.jpg,207.94478217171218,169.24825952765832,137.96173831918347,0.7584722676255858,1.3906652523109562,0.35381480885743377,0.8522080829773134,1.4711457668134307,2.1372746210760734,0.5989771014359393,2.093894287958113,0.44872126419574104,1.160119253407269,1.0230539305723114,0.9584194696102128,2.2597685179341984,0.5208390145999744,0.36098512105562,0.6715508027733185,1.5048210749969304,0.9652207758195447,0.5975997518006553,1.7171867386021546,0.8268061631869833,1.2930516387189264,0.9708907143537316,0.8776503005171352
image_022.jpg,217.0392160120246,179.34637875702606,168.79334095306058,0.6082042923118709,1.6780634573304185,0.21778324927524678,0.9656772511121342,1.27234135987704,3.661693764516711,0.3639365056818781,2.4294840604744343,0.34817208743348116,0.7639743893621416,0.7342519640521243,1.6433663001755272,2.48672991188239,0.33700490121227084,0.3178578404951331,0.7626169156328683,1.380313099248034,0.9986626387088907,0.7859146922771312,1.3763312706506474,0.9793466906620145,1.217144709176764,0.9613699760507247,0.9630779683623046
image_023.jpg,217.78475948834284,167.74844080621847,158.64342499427755,0.554665434190931,1.680155306298533,0.3172474201406949,0.9642621479663201,1.3164350243224465,2.6645680955467093,0.5267844897169419,2.2664718524805747,0.3483363113922772,1.0170724468258956,0.9732910594893964,1.151229147274501,2.2491045605698874,0.5376158401164848,0.3548722529034208,0.7044048540521763,1.4102351661362338,1.0269526334013832,0.7243121782025219,1.3809288555966273,1.0363516197906442,1.6375835738765265,0.7552472358435159,0.7487618438697508
image_024.jpg,220.94860868049412,169.76222526525558,145.9792266980624,0.5752922946893935,1.813282247765005,0.258560908760691,0.9832781349438278,1.3373572452125588,2.819417238001954,0.3683417063340742,2.437334142107038,0.335916805148681,0.7915634881562573,0.762049011120605,1.5879801543129308,2.488829389954491,0.3477966567420193,0.30496660689328314,0.7312774894904855,1.1951473844712024,1.2151677796281055,0.7085446965539088,1.2752214653489053,1.157826491686979,1.583952891004584,0.7905484823119702,0.7670912802732388
image_025.jpg,230.69503765218388,185.54553813049233,163.83842125048037,0.6061946902654862,1.5888736053797976,0.2691152881174678,0.9858486740734735,1.4142676912489955,2.767058076801017,0.40972659603505956,2.3762508892582677,0.3556151682964655,0.815104160839975,0.8144930987391809,1.5119953940106374,2.3634770196162935,0.41186917392766914,0.3662464600458312,0.7053728787227785,1.4467906859295856,0.9894290889374292,0.7025066232905186,1.457781007936796,0.9813050223624784,1.1447565909602708,1.003675735830203,0.9931603267993191
image_026.jpg,212.41928670203976,155.7357440615776,135.2194883991173,0.5606567582289315,1.7777009268225203,0.33656912726680144,1.0909160169642176,1.467648155050317,1.8619014573213062,0.5318489713496573,2.276959972894557,0.33278370934557894,0.9444821782218745,1.0243111813514978,1.172799294016421,2.2179394016070297,0.554465257232088,0.3691879947506751,0.5969467034596507,1.5003894943747698,1.0442564557553726,0.6166796208583266,1.4415078163638437,1.0834052163676227,1.4665169983282977,0.8099082991483817,0.8651673561131137
image_027.jpg,205.3459526373789,143.92492148281724,117.32411453191693,0.6829005495097523,1.4456386292834886,0.3275677330476045,0.8958723773826391,1.4817800054185861,2.3294414641842813,0.5113883922780595,2.217772091762789,0.41243216954894524,1.0501430546842818,0.9612428008672665,1.1302067980382446,2.296596916833677,0.475021616681594,0.3699741200745227,0.6681291539855239,1.5106914545245367,0.9627720450797327,0.6243338413914792,1.643274891335227,0.8739839208630871,1.2166058736581105,0.9981249078755358,0.9268618720561473
image_028.jpg,223.37623923133734,170.33833584021977,156.96213934091267,0.5806368662409468,1.7219926199262034,0.2949884617059253,0.9378879451159756,1.5623325252009694,2.3138470622970146,0.46614003752309946,2.311337973236584,0.3641146428301097,0.9247150466052992,0.880453989331148,1.336423617653346,2.3643922277915568,0.4397322211979483,0.337468204600288,0.6465813226386847,1.5191027940133606,0.975908536937748,0.6238909409647038,1.5999168425052326,0.9177848701198567,1.1261592055772491,1.0290830691601587,0.9863503788523854
image_029.jpg,196.6461990178036,134.8450595096004,120.01240875486602,0.628581661891117,1.63849765258216,0.2851882845188284,1.0511963406052074,1.3768903346368133,2.3522181522181547,0.49954277448117324,2.283770310503391,0.35827956860522897,0.9894590261252586,1.0273124847369748,1.1248211427275596,2.2704619660443788,0.5058831696686391,0.36524751787677534,0.6242901095396657,1.6336970539076068,0.8836054901425205,0.6401819839574433,1.5907100120793518,0.9107006575529982,1.2104300119830638,0.9481612556067006,0.9830013860000287
image_030.jpg,225.11349843215902,191.93956692431556,171.35069257544268,0.5087136256788528,1.9604322262831735,0.2846609671144882,0.9840202973382007,1.397226195658933,2.561982154238367,0.47131587259372465,2.342342946913573,0.3279338340824962,0.9091950424694394,0.8798410640955384,1.3525565470248153,2.3671174349383235,0.46034838500500164,0.3141268336464681,0.6687585515162653,1.4105599463337155,1.0622741557398125,0.6767717062122949,1.4251396058706065,1.039681341506892,1.4528685402214854,0.843058742762952,0.8456653706053561
image_031.jpg,222.20235808157176,168.22494308557467,148.71574944774943,0.6258553726650636,1.5898265216112921,0.2434154022330375,1.019804389080823,1.1993580391012537,3.375689519306542,0.4249537363966963,2.3470997655555386,0.36953915163755835,0.8960478665091997,0.8733174363733202,1.3722273507072733,2.3385422245757805,0.43811419985724576,0.36493622915676704,0.7608172309015201,1.4422932327216627,0.9384821899666107,0.7563808522920272,1.4704096467358263,0.9148021545619399,1.2637796962204992,0.9288377053264723,0.9489752520428215
image_032.jpg,216.11117710278216,162.19747854760354,146.28320064137307,0.6119429590017829,1.6834208552138048,0.3244098320759307,1.0242285258487462,1.4712483497139501,1.9857267695892793,0.5494724502662015,2.2218511070592957,0.3702690962642964,0.9903593139724297,1.0069906383068625,1.144242701310501,2.193949281709673,0.5736614072530771,0.3739819646270433,0.6288846850629191,1.584654555175825,0.9280534133510493,0.6014858767092225,1.6211309954547666,0.918975781425804,1.1889059943471547,0.9788603246659044,0.9738263345767338
image_033.jpg,218.1472981604642,173.79281428159123,156.4160312567242,0.624659312134978,1.6971365638766516,0.2315086305805565,0.9745074167018652,1.3032932871344842,3.208082277166005,0.3623435921158674,2.41999962372431,0.35924943774961576,0.8490975915158596,0.7948967313113343,1.4975983307625993,2.49623675095106,0.334986624694978,0.31036927794375524,0.7437981742428531,1.312086216510843,1.0857082628360972,0.7194052907993495,1.4126969864118835,1.0094903763785603,1.3911850578008895,0.884277324745855,0.8661302710430487
image_034.jpg,219.77408010954272,168.0624841464929,159.3197191327125,0.6195238559859507,1.63695895224405,0.2809071942930211,1.0400606626224926,1.218167348794905,2.77061185920151,0.48876761963089776,2.2794290838807063,0.3733959500781888,1.0001594154419435,0.9583894169027635,1.183043821245086,2.294815383849155,0.4924046276653387,0.3543726420752999,0.6992278535999499,1.4266787951713507,1.0156860048184924,0.7905051640140525,1.3043013260910143,1.0467861634847266,1.6413927725186468,0.7162774800261267,0.78392240104502
image_035.jpg,224.17353259656315,174.13783398848932,160.81637580355533,0.5765595463137999,1.6915457806894387,0.32638411607483797,0.9122257053291533,1.647979488749428,2.089724110355855,0.47334812806336957,2.3081215910361617,0.3601229344902618,0.9771440658437447,0.9148356004341492,1.249612987311899,2.352515446126141,0.45242548854938625,0.3366517189142655,0.6177557255662325,1.5149621634854793,1.0088747645380813,0.5787918803642036,1.6342213878873173,0.9285793853382723,1.187614115090363,1.0115505991302502,0.9424279393691802
image_036.jpg,218.09265485774355,168.95682549401477,151.48266697811465,0.555724876441516,2.009434743027393,0.2874646111388671,1.107122161934362,1.4486416361416374,1.9423404728377656,0.4786857912636749,2.3366646904967836,0.3262421718293352,0.9347167237811623,0.990147936411361,1.2167279933972701,2.341329131377188,0.48166908308966583,0.31859443912293944,0.5998551590021334,1.4596563504269686,1.082081144160691,0.6400823332678967,1.3499444455534313,1.1515658747684654,1.612019906849643,0.7306007564243328,0.7989719903158176
image_037.jpg,222.3146202010007,175.01038177818612,155.07912663628838,0.5634655608968477,1.8455234999322785,0.2779691647371095,0.9781611946894506,1.6192676963444455,2.184174535981764,0.4417914647417204,2.3557058112933067,0.34409537755476644,0.8866134487753785,0.8756719655559823,1.3793072392584325,2.402531744389159,0.41672691638224824,0.32233399281838593,0.6185168285813861,1.5475806557781988,0.9754951692302085,0.6057602386990462,1.5967877239176185,0.9390446909731286,1.093080317852185,1.0302189871710106,1.0182933485665977
image_038.jpg,231.80178298332484,176.41020339649546,167.06234047209094,0.5527321360336263,1.87062187276626,0.2741323143997847,1.0199610272809032,1.3882703846287239,2.4916176978914626,0.47586371516247555,2.329130894575713,0.33659804385160447,0.9507140369315672,0.9496076704481232,1.2412709462101028,2.3547628519435206,0.46263109545857073,0.32419870618770175,0.6464324690512055,1.5034704354188186,0.9916897491197689,0.6533273390889275,1.517231136645457,0.9710341778554087,1.3604160388659017,0.8776669689791173,0.9035096457447742
image_039.jpg,222.32417092595057,172.41611196956367,159.9097180949787,0.552914110429448,1.7669376693766947,0.26021037785743656,0.849448410123296,1.3673469387755113,3.386731391585759,0.4070367129700266,2.367394021918255,0.3671619187015112,0.8780224372219824,0.7349268191742265,1.5286433971935844,2.4989442325872537,0.35379800163502534,0.28885041936751454,0.7574329188606888,1.293406723658676,1.0907530110704284,0.7312210558023463,1.4356436298380446,0.9747279679494024,1.3694792184202558,0.9325688293182205,0.8395446058513168
image_040.jpg,215.4290263062098,160.57760359650229,144.24508953463828,0.4912679425837333,1.968139370634859,0.27101809906633484,1.0677885270472816,1.3110819984517355,2.7259151042934766,0.4841770438100665,2.353631332129178,0.3037842776505481,0.891549601110369,0.9438279749117683,1.306215077567656,2.29188303311117,0.5109450119933323,0.33876460848529044,0.6573810107743059,1.5287626902742497,0.9554489525412381,0.6907980303991222,1.4469517967265129,1.0038428264641581,1.3587068564753293,0.8661484415272488,0.9167373555872147
image_041.jpg,205.96412798335788,162.29470964103064,147.98894944551978,0.6485143692157822,1.487573364248966,0.33443997479765447,1.0953151957531515,1.2966340859030836,2.182364428421211,0.4607354308534213,2.318326726312734,0.36253049642363805,0.927529063191831,0.9879256430037986,1.2261379473941634,2.216438759938451,0.5098946333533818,0.41525926029796023,0.7349834750161519,1.2079856675835239,1.1986235109901175,0.7580403408971191,1.152641700549173,1.2309106121435012,1.9186302349311284,0.5892757853915636,0.6336866332671013
image_042.jpg,225.05019568136834,196.23329893489583,187.4021963044806,0.5475927228867221,1.9099635246688444,0.2650688242627788,1.0780054307578373,1.3905034324942795,2.4063876651982374,0.48874065232971814,2.3277925025127146,0.3250594987473608,0.9231429705404846,0.9852099070081698,1.233239776041139,2.3167019633999164,0.4886373664601,0.33625332372977657,0.6197642648934107,1.6171987161449408,0.9046296725514419,0.6411180522121971,1.5668271849790902,0.9336474163985058,1.2046068075372793,0.9389905911673012,0.9979952548852128
image_043.jpg,249.4207714992795,201.9443765483757,177.4640415240695,0.6096168017686071,1.56637168141593,0.22916850365928912,0.9288478470075152,1.3377615865015884,3.677646821799134,0.37250676562494267,2.4147335053198637,0.3543523826449862,0.8135184126425925,0.7742254439587092,1.5538487969884918,2.429831595492311,0.3673300834294239,0.34443097466805894,0.7895823254277776,1.4171209033221024,0.9348894248399132,0.729820680093384,1.5371259597989018,0.8746460136975076,1.076306289757045,1.0747795679662147,0.9905067958665337
image_044.jpg,222.42904331725373,184.50237314714096,167.87657132368736,0.6685724824787903,1.5196188340807169,0.2864789637083824,1.1199232682912212,1.2816149354640443,2.3937471264367813,0.5481859354454864,2.2264697332830763,0.36693698486123083,0.9987941929898457,1.098676419411403,1.0441220411885448,2.1466722536654577,0.5861965422990628,0.4087238576252729,0.6234044731651247,1.7360762358910147,0.782111944533654,0.6602614252462483,1.6245929936802799,0.8567382346632653,1.1027331939332436,0.9867043972818312,1.0521550623747185
image_045.jpg,231.3586380874148,193.06214394307932,172.99360559332567,0.6935847638140579,1.45798319327731,0.28479267467873703,0.9972501815917815,1.2460563744504787,2.794327522355706,0.5301193076137601,2.2092927627859913,0.40218058319004174,1.0240989150219906,1.0160920839369159,1.101401654630887,2.2367655641740063,0.5142200457181003,0.39060704369768695,0.7026113180117332,1.5592787288163499,0.8797026067617101,0.7034792520456288,1.5812532579467713,0.8568601435973933,1.2484640388978496,0.9404564761996542,0.9526721384922892
image_046.jpg,175.68135580295794,126.99589751409891,103.75538355954666,0.6223927486223413,1.5714632567173847,0.32089339046877036,0.93501857652801,1.4441872698579699,2.3595366156392217,0.5250678321617459,2.2372075991134697,0.3793172223145777,1.0398288304137162,0.9822828463655905,1.1194809768104865,2.258584932659824,0.5199241223883028,0.3630835985416668,0.660293359709245,1.5446494494688856,0.9366498444116629,0.6194957296134643,1.6437738860810247,0.8783230378953041,1.2328801739629458,0.9804907900634803,0.9282216895633671
image_047.jpg,231.13086455123195,194.29716455028455,182.70375126624933,0.5733084654439957,1.7502720348204561,0.3038267625423589,0.9713911042123856,1.5059041631402899,2.242273630941622,0.4594183951205397,2.3235446560068143,0.3586296024624394,0.907325960866271,0.8711859077828856,1.3630807849406363,2.3549688337177024,0.4480129027390405,0.3386109171330506,0.6373222531340468,1.4696599390627443,1.0346104613930023,0.6471588147269383,1.464822401991174,1.0296114368716809,1.2883816615895425,0.9307280316540063,0.9224829603462446
image_048.jpg,219.79308177180076,167.23803699875896,150.63088100715575,0.5461558464072119,1.7962011521096068,0.28794297626252413,1.0817370641578974,1.30306477093207,2.5115061101412457,0.48960171295648824,2.324016232516797,0.3279747081165087,0.9318456381600795,0.9757065850329453,1.2340404303967685,2.2637402089541196,0.5201154316776159,0.35773701295805804,0.6706787175760474,1.4546921771395012,1.0162217588742448,0.6826224632175327,1.4412720304576945,1.017698159914566,1.4674689481110559,0.810958843929149,0.8631648615495884
image_049.jpg,228.23600420325238,183.99397325236993,177.43177021131513,0.7070039645082112,1.4490493776501139,0.34190712248047594,1.0929768963402162,1.4849335863377606,1.7590120160213643,0.5215056122273923,2.2389905034074906,0.3810965379549101,1.0474417392703974,1.0851209146012615,1.009029999718134,2.1938349897085194,0.55228963891789,0.3954680249633833,0.5733674949878772,1.6178378590830929,0.9503872995188234,0.5864736295830792,1.5919314666760607,0.9631875573306534,1.2878214187840056,0.8939300678182899,0.959841166987498
image_050.jpg,221.86263331392848,190.84933747009623,164.67447482389233,0.529598308668076,1.9022556390977443,0.30101584293910216,1.0250613720359327,1.4553985080486838,2.2103618849258018,0.50433689061027,2.312378001474832,0.3248777615046904,0.9491917103849629,0.9768146265112948,1.2155863166935357,2.2923802218455394,0.5139534882368922,0.3352589435073613,0.6259413059606588,1.5219533893343087,0.9936979582948259,0.6159123375384785,1.5339426590620728,0.9917376569892421,1.3515662370776165,0.8914282172899217,0.898598199222255
image_051.jpg,223.4622797513734,183.63200880772894,173.13114689387834,0.5886340745331986,1.7287704259308876,0.3248841409020688,1.005271216097988,1.4358394573205198,2.0955577492596276,0.5276332000798644,2.2640763584566876,0.3498830950532413,1.0184543145469798,1.0221685802258218,1.1009697588169913,2.266153484054488,0.5288527568101659,0.34658641272513907,0.6439423130422363,1.4404804396276356,1.0571699009199211,0.652636713872987,1.4071757720217666,1.0817801676950396,1.6380898289348123,0.7498400347859905,0.7536627898689905
image_052.jpg,232.57605785651202,178.38245022539695,151.6473324013955,0.6148045608538858,1.6839038154827652,0.36715389293033895,0.984806813645034,1.6240769424732533,1.644901345025773,0.5079606744965364,2.2747931157682526,0.35883886332500414,1.0285734260958652,1.0175027770337417,1.0955164504601862,2.240670908117904,0.5460576756270905,0.3548640698447983,0.6119430548362594,1.425919580220847,1.1037300185326868,0.5513249656068716,1.5009118940141122,1.0893557939688092,1.5471344493146388,0.8249401621421253,0.7695180421330291
image_053.jpg,204.05328223563373,160.4737581754069,147.11849865715917,0.5025141177380672,2.021422986708371,0.25331247152957903,1.064402563453917,1.3189856523189856,2.7681650246305427,0.4604356286119676,2.3736622739792956,0.30749475099852985,0.907435730032029,0.9368312041824418,1.2973257193753225,2.344327958609646,0.47845895538166333,0.31880573959848363,0.6483129256200613,1.554101697841677,0.9391780301280552,0.6858345328060551,1.4641145014668746,0.9916436193168636,1.341342897898699,0.8751398023060706,0.9251099533850238
image_054.jpg,192.38487222048155,164.4635974345336,158.88927514277526,0.6090538705296513,1.7499801948823588,0.28302056007712806,1.0549458347130891,1.4784585256679272,2.125464545859967,0.49337394304386895,2.2975586036331084,0.35066010691281596,0.9874043999957908,1.0174634511572331,1.1367248024367689,2.287643082672811,0.5067698592438425,0.3471797116731405,0.5867024125200984,1.7111002296618194,0.8437900114078754,0.6053461599699578,1.6301199235386072,0.9061265700812281,1.107400532956435,1.008696705825102,1.0254954148082565
image_055.jpg,227.07201385877437,182.56119579952292,169.83607779931842,0.7040906578220018,1.3997214484679668,0.3278954712672842,0.9723695571728124,1.3689631881121254,2.32472324723247,0.5513020521432308,2.192247913650113,0.3980426877964494,1.0540347087742459,1.058643105553707,1.0289148392618401,2.2075786117197156,0.5345983405234148,0.39941570134666293,0.6568483131919802,1.573880071799739,0.9108642685980738,0.6460979104105615,1.6028796943149597,0.892615048864272,1.2800523126599361,0.9398947803318294,0.9216455605980277
image_056.jpg,237.53227955322112,189.42121047646225,165.4420009758993,0.592900527730758,1.675928243637881,0.2785071921548579,0.9754731950583698,1.444309848088005,2.5647829372743276,0.4814733578592274,2.300722983913298,0.3593963118172688,0.9866177963849332,0.9528960925591498,1.2020787646457105,2.316437547151956,0.47780367748365726,0.34735142895418003,0.6507100467326032,1.609199741585297,0.8816828652718927,0.6288877425067064,1.678871697116038,0.8338332139670488,1.0862873630610923,1.0308198925121566,1.0244853980165443
image_057.jpg,232.98914265786004,179.84146556501804,161.2054118226884,0.5817341120845508,1.7550796265788045,0.25245305688627345,1.0456470967222353,1.161226970915552,3.195183170979499,0.6314496738347682,2.1516349151649337,0.3585080645900911,1.0376270948642454,1.0591400332374268,1.044825525488121,2.1546052835580736,0.6280134798574262,0.3589738901742937,0.6662661340453117,1.7728801501183804,0.7024463694261016,0.7022277183934948,1.7114229533074423,0.7279419818888561,1.0365747235012581,1.0311473399191093,1.0738705901694257
image_058.jpg,235.7132158265822,192.24616635526547,174.397361807283,0.6395891690009332,1.5767390504232632,0.21843469871769075,1.1721717005135937,1.3001102670913995,2.9788321167883223,0.35404645922218886,2.465996249090515,0.3215499452770895,0.7892645764682376,0.9104807833312002,1.4418472937903557,2.3072999904329805,0.42976227909668874,0.40453038406012376,0.6886918721366893,1.6289223605732064,0.8239784208798975,0.7136466082908385,1.4687681088963773,0.9591779364025769,1.0175672145824333,1.0250517572000406,1.098973681807319
image_059.jpg,201.20374039888574,168.3277221058538,161.55320286601986,0.5582968563469951,1.6847397972010405,0.30253016935402066,1.0829718302125095,1.4286498784027613,2.2713827512473284,0.4594599104004308,2.3686872416145515,0.3134455015748109,0.9723527384522788,1.0363008669552478,1.1329390481822668,2.298275478666089,0.48574800217145664,0.35756917275224814,0.5935393389525809,1.5554771145286872,0.9925762001085251,0.6269024072725858,1.49838991581937,1.016300330497837,1.425364554322204,0.824909486261399,0.8913186130061901
image_060.jpg,190.3980483610368,173.01952434782447,169.7932950223011,0.6064935064935069,1.64203250238988,0.3878889871359709,0.997893718156719,1.6124931154764082,1.6088015949198855,0.5947844556670623,2.189843402943762,0.35696479497896877,1.0927445922394003,1.0724856139112235,0.9763624474391693,2.1853957608065406,0.60260289088999,0.35359400189326273,0.6236814759401339,1.352896020277653,1.1650151573720062,0.6153458006010281,1.380921239556171,1.1453256134325942,1.8624468030343617,0.6416003046131908,0.6375455459422406
image_061.jpg,223.70511101186102,186.03828682125328,174.07787640755814,0.5945473018740124,1.8262034841768886,0.23880560273736548,1.1169063264688912,1.2920885288997823,2.672457989176872,0.4608718839593214,2.339104613029899,0.3416161566005728,0.8310516983986542,0.9226512885373892,1.38788966665375,2.3078155398655116,0.47022714852041253,0.3635499652038692,0.6887775884507957,1.559606559867538,0.8932085052714597,0.7028530727780794,1.4998719916881351,0.9388675891235787,1.1306509671657219,0.9681336596197834,1.0428080268042879
image_062.jpg,216.14444380082722,159.09027677216375,137.5262677749135,0.5537130820597859,1.7734064536639622,0.2999785423074176,0.9804806208798914,1.3713534654100157,2.5248077701335476,0.5237300828217941,2.273136703199241,0.3447258675687585,0.9681191660602981,0.9705565539444291,1.202916933585066,2.2708115577925474,0.5208040645192602,0.34997703127798485,0.6747728723786082,1.5022703804548072,0.9645494007563777,0.6535117624033937,1.5462679518861115,0.9418129393002876,1.3370271424068583,0.9126559558368069,0.8919095553461283
image_063.jpg,191.53181664158967,130.93572841392947,107.57173815396695,0.5031410234642942,1.9640522875816993,0.3292273236282193,1.0172887489110767,1.5865967324662442,1.9043666059256266,0.49326391650441476,2.3416799326931264,0.30664880439225195,0.9650398025267946,0.9928436361403634,1.1837092149226351,2.315400807324479,0.5047677691668992,0.32142407709841464,0.5972809536134507,1.4299626690313207,1.1143490309450215,0.5744321002658966,1.4833663551888412,1.0837941981350556,1.5580741865461225,0.7937421725823047,0.7897762944613658
image_064.jpg,237.13301436516844,190.22317579228033,174.17661181871756,0.6020310693278366,1.6968947278621407,0.29742965162010576,1.0551242236024856,1.3475233594285503,2.3147390396659713,0.5240439708001317,2.262363932126091,0.35518475066357036,1.020733328523369,1.02281855279274,1.0980407722736842,2.2514598736688125,0.5370214623635756,0.35311131755740544,0.6222157735454585,1.5864033267900624,0.9329735532542722,0.6614573697677691,1.5105561901256117,0.9695790936964123,1.379888949769252,0.856090644060421,0.9056130597601202
image_065.jpg,201.94088765873713,174.9012875536988,162.7579636166064,0.6703305717332463,1.498678468252504,0.36385391273231515,0.9943514132586114,1.4441661046343592,1.9051027900146824,0.5849666877608822,2.159307060380032,0.39731890544887855,1.0590574844795386,1.0435740298452698,1.0389611392649847,2.2068308285617686,0.5532482576804795,0.3815135673475455,0.6355956341824157,1.4393942845884056,1.066602734818972,0.6372125864924593,1.4988833341379442,1.0054967329593898,1.5271140763918283,0.8002762232855501,0.8142023539124148
image_066.jpg,214.6679526224334,162.3650101661608,117.95040265648107,0.5590442508410252,1.809803819534784,0.3507327845814097,1.0614708047580306,1.5196961667549898,1.7469526307668564,0.5638116227900271,2.2438603350487445,0.3339206957510216,0.9725728498589609,1.0491981533071524,1.11982165042368,2.1959411941481948,0.5833361668451916,0.36231529259640693,0.5870621024423944,1.527582516562941,1.0269480345844575,0.591301236007028,1.4762640860438472,1.074027331538918,1.4632810658016897,0.8273074115381155,0.8510041762499884
image_067.jpg,218.85750138320032,169.08879141686234,150.04178050542922,0.6437073909750037,1.5770970219301976,0.29373135824748714,1.0047091412742388,1.5307813885355228,2.180465663612674,0.48618459619297044,2.2863380228290837,0.36907003456773957,0.9969852129176019,1.0035771191104081,1.1410303215617832,2.271904581702249,0.49883521277333404,0.3708528591142099,0.6146950568018168,1.6861966980405536,0.8407008987474225,0.5958246058989489,1.7096075890429374,0.836160458647907,1.0064278048523623,1.07462321847893,1.0605416302585011
image_068.jpg,189.6646569658248,144.97753987403627,122.66225564082625,0.561413960877768,1.7552941176470607,0.28238507727138445,1.0231387063474087,1.3323828373981008,2.6360983374602056,0.470896459280778,2.3268460398221102,0.3438501544869053,0.9428034570913518,0.930815544980334,1.2679736515181073,2.3164835784642275,0.4796734345732633,0.34543564055230275,0.6762692817871137,1.4590946416618011,1.0062287301408783,0.6838218009875828,1.474335135056272,0.9834357175459384,1.3924960839041982,0.8609640090137642,0.8881325606718306
image_069.jpg,227.04789405615566,177.88374886591026,169.14957494710018,0.5988217967599407,1.7294956698930202,0.29700423643332696,0.9818514942187222,1.4501813220351145,2.2832431546155134,0.4954089749273112,2.305230560071083,0.3409531185913982,1.0237972644755031,1.0406183511985792,1.077177037915711,2.286745879295081,0.5134253291844576,0.3414214451102545,0.6381646716201842,1.5812195794995256,0.9222084024700835,0.5833335926264585,1.6497372447692829,0.9085218161940519,1.2926768812934137,0.951988418478107,0.8969273538182724
image_070.jpg,246.1675335017947,199.09399180027924,168.35030625991251,0.6475217169136426,1.4666866521771733,0.23348148666619994,1.1616627706067688,1.262867411115389,3.074100378787882,0.3816415990846394,2.427178967668724,0.33277208683642956,0.8261116666631764,0.946988686019525,1.368492300907092,2.2958688246792023,0.4262505111039539,0.4194733178066372,0.6752072536659763,1.6140663847788725,0.8523190151449439,0.736919643753748,1.4789438079762058,0.925729201859839,1.0694374088743488,0.9661866792802322,1.1059685654352125
image_071.jpg,209.14637221832942,167.5806821945501,135.0175366617822,0.5581999726439612,1.8795955094695318,0.23857131174353993,1.0729139247170298,1.3753280839895012,2.707424650820878,0.48594728556648437,2.3124883257194457,0.3431570423038636,0.9169807086652552,0.9311214033406724,1.2934905415838656,2.327008918398903,0.48003755255684466,0.33454618263404556,0.631473467563395,1.7092183887039336,0.8009007973224648,0.6866103976203412,1.6163364575726693,0.8386457983967827,0.9864366943812082,1.0321355584227045,1.1230204007858804
image_072.jpg,216.5110976081721,168.37501703212126,138.54952954395728,0.5327868852459015,1.8614113159567696,0.2682164374218485,1.0333809738238346,1.2897906618519728,2.8205840455840483,0.5208871008941238,2.2826864323530747,0.3380191203425944,0.9436672476831559,0.9470342388429015,1.250891167063736,2.2634675411675844,0.5335071679675659,0.3446179444546427,0.6732557561037943,1.583149595430957,0.8851873020550424,0.6955963808800791,1.5483492621822696,0.8976470105274446,1.2181582177053871,0.9436822320480162,0.9797522038363902
image_073.jpg,229.45051185709482,183.1588333479776,153.73544656369398,0.6161376446158416,1.6315566579950354,0.37592394641679416,1.0359052891977858,1.574603056833358,1.6222917669715926,0.5547785640017588,2.2220325957033937,0.3647814938846407,1.040382636719834,1.0389215658602087,1.0622884510097506,2.241941253471733,0.5405049238109688,0.35914647630709134,0.5803530277545798,1.4111350610800364,1.1501045647551769,0.6333436664109151,1.337630250885816,1.1706187362930625,1.7482035740122521,0.6721579194755358,0.721231160102005
image_074.jpg,236.60444261441353,190.8940013869804,156.69772018024884,0.6206229600676961,1.645907945350844,0.27006985491671115,1.1279699369646041,1.4327563249001332,2.2429554603298234,0.4583797661706634,2.3431057158775377,0.3401071715415923,0.8903956675790679,1.008110992485127,1.2430859935255985,2.277469476406088,0.4767972226791624,0.38732595450454266,0.5960302137743579,1.7076437198296892,0.8379187199857464,0.649611674355359,1.548589696588861,0.9433912826455733,1.0564327711893038,0.9995641915914496,1.0855956908090396
image_075.jpg,224.51155594185082,174.90578552998946,160.89251462206258,0.6626611317456862,1.5046846748123366,0.35230870203073156,1.0730575636431423,1.3883872080984698,1.9107594241125383,0.5312667327886134,2.2328658380837023,0.3774600827174779,0.9852683406898328,1.0425996267662918,1.113724686133669,2.177144006378708,0.5561403365774453,0.40830831063364,0.635127231465682,1.4462501325359902,1.0602152895881212,0.6680182414383113,1.357615759583204,1.1159586525682776,1.5798263355756055,0.7562303482643444,0.8055359697498428
image_076.jpg,195.06498089962156,136.71307152393132,105.17182398582837,0.5816477553034037,1.7218824328916074,0.28082061068702296,1.0692786450362208,1.4044565451028146,2.367599660729434,0.5012006192504872,2.3041266558447333,0.33626537849457305,0.994750648059211,1.0320471469799632,1.1147948585506189,2.2794086074293958,0.5111670666566941,0.3510169795037036,0.5973133214557953,1.685080370672172,0.859198961461826,0.6214442285445858,1.6491186044193524,0.8710298206258549,1.146909115539167,0.9632945874649605,1.0313889505856657
image_077.jpg,216.30191502231375,181.24580374934544,171.88956032874287,0.6869067560022332,1.4203013481364013,0.3227127319257833,0.9147840337118108,1.3796091941648274,2.516697148276097,0.5315169244916602,2.20674436338408,0.40333136571405326,1.0179895220941544,1.0048864454256135,1.1187166860700255,2.248568196192041,0.49777532246284245,0.39524913493490976,0.712152350602941,1.4785852024858972,0.9508551005009551,0.6429640656512979,1.6322458424886057,0.8663827454498895,1.255057075486095,0.98170135659683,0.9048342215068682
image_078.jpg,227.6476395059219,167.93209490802394,149.13764585271576,0.5918037932116758,1.6923135290993234,0.28417716060031073,1.0418997551167124,1.3267064083457525,2.541859231759982,0.5134456059378361,2.2824098010401195,0.3457372466118378,0.9457157563342911,1.0150515048874174,1.180825392368085,2.2229215508259075,0.5395570684260017,0.37911403433788343,0.6693397551394397,1.5970759126750427,0.8751769857753107,0.6565526822202268,1.5736426189188213,0.9113973524507448,1.2067901022679166,0.9691493458590345,0.965653205462842
image_079.jpg,219.47447794848853,184.34488091938366,172.8876887224174,0.5407994460046929,1.8935674218693115,0.25666099508254925,1.1069188898317357,1.2525794576657852,2.7441132531834724,0.5064549736419678,2.310357788926836,0.32477989102098925,0.9566985062056172,1.0012790124066024,1.1836151349775736,2.286061767891628,0.5184342016947479,0.3370966840034171,0.6441996496984406,1.593558708852776,0.9038342950385764,0.6946509280409675,1.516645179300047,0.9302965462487786,1.3274897090247832,0.8603411549427004,0.9537617896223098
image_080.jpg,199.921785638671,158.74595506175342,144.69196959586304,0.5758774880297576,1.7088855829050595,0.3316364288757818,1.0436502363900195,1.656881374335906,1.7719370576513438,0.5331601431433168,2.2672151829311193,0.3412173275153574,1.008007280114987,1.0338640181923626,1.0997213552824436,2.2172769586824055,0.5625138480038938,0.3618018469034937,0.5427330824501833,1.7628481027464389,0.8360114683931711,0.5534426930549089,1.716204869569161,0.8719450909657234,1.0013918051626918,1.0605064103099369,1.0796944381171647
image_081.jpg,203.03888842871993,168.70818957201467,159.51778348229413,0.6043582199337982,1.6773596545342402,0.3015393200948704,1.0858455789526835,1.4699922057677324,2.0495207667731643,0.42467170580832153,2.381255987782647,0.33566495999882406,0.8712659852406726,0.9496081351113664,1.3207185332377542,2.3039010589538274,0.4612073916153301,0.37648420302063523,0.624716209691757,1.470917689530717,1.0459587543673192,0.6182003598873341,1.4257039790558927,1.0976883146465661,1.353695942335762,0.8781975111147657,0.9096992001392658
image_082.jpg,197.74770651584376,160.54206051283248,150.80993863567844,0.6349250637755102,1.5895583856047648,0.4015315338234917,0.9731382451970689,1.6931589537223348,1.4976458032519306,0.5815275711369203,2.1864223397227285,0.373642742730144,1.1028213933986823,1.0547807926611095,0.9839904675300013,2.2304694770941285,0.5605058907264473,0.3506172857692175,0.6248099913273386,1.275337756953858,1.2414449053085967,0.6023266904653888,1.377548089012039,1.1617178741123655,1.9220489651843264,0.619166356925751,0.6003773314797162
image_083.jpg,224.13737935892235,186.27860313227887,174.01011889701138,0.5844243487650155,1.770511390791783,0.2685864658436912,0.9849956799359371,1.309698608964451,2.7892224788298696,0.4704517113706519,2.3161006863219957,0.3550402558971457,0.9061099661763299,0.9128065740361561,1.3226761133773075,2.3689336563170773,0.43440740763248453,0.33825158964023166,0.7114814072833421,1.4098709871612942,1.0202402591451567,0.7055580077693872,1.4492360926188552,0.9867985532015511,1.4081102684847517,0.8686012603951264,0.8648811247099152
image_084.jpg,210.94327528089883,157.6080199764953,134.26284015858863,0.6298943443132377,1.5827526846462805,0.2404691504041004,1.140179354055694,1.1975936692506468,3.054760730143069,0.3972971225102313,2.4168244449453185,0.32747108613424314,0.8368149847770164,0.9703136316242493,1.3344640371885275,2.2891560524149615,0.44846715211910637,0.4039694490557257,0.7150469015406419,1.5112842778718723,0.9152614741772791,0.7267054242042258,1.4197382637581686,0.9951489656273987,1.286258193171049,0.8951304064835724,0.9602040539351716
image_085.jpg,152.13883320036965,112.62479969477842,91.06405951927087,0.6115258286055544,1.664512922465206,0.2910353307055295,0.9698383193630978,1.4112551969906941,2.466308593750001,0.4377932981148609,2.3425848380740977,0.3612145174008349,0.903049301805318,0.8985547408440148,1.3399886109404604,2.377056479249282,0.41676371240871435,0.34777246193179684,0.682866727922482,1.3860985400955563,1.0726273855717545,0.6699052170133133,1.4174514162741583,1.0542360203023218,1.4306597605367795,0.867521867100816,0.843411025952198
image_086.jpg,219.93496671920212,179.23623537434534,165.05424686636343,0.6276727227783965,1.6658431130327358,0.23934951336700744,1.0050021048460989,1.323468685478321,3.0041350792556827,0.41423701683249065,2.363960660434954,0.36339497632234846,0.8130154492789906,0.8244843920338969,1.5040928122769057,2.3715997177966273,0.4132294499878163,0.35676348580534967,0.7565365561324076,1.4370625261631707,0.947993571294215,0.7139200057634074,1.4978693380777748,0.929803309748611,1.1240021685340373,1.0227441926426375,0.9948462924131185
image_087.jpg,201.50443579830792,156.77077671887494,147.11571680530022,0.6009126342808251,1.647713032581454,0.35185185185185175,0.9779550477011802,1.464094065656565,2.004746084480306,0.5954845279004723,2.17857514632648,0.36753297936284085,1.0436503832084871,1.038094424124149,1.0598478462571572,2.1833282151778812,0.59080981750839,0.3674546209035215,0.6288219260664484,1.538817796281557,0.9739529312417877,0.6032221284713831,1.6034126218472586,0.9349579032711514,1.3461194425272507,0.9073973469284718,0.8880758641340705
image_088.jpg,198.93223919015458,173.3417336343637,163.84838589591118,0.6016524787180774,1.6697324414715722,0.24183112261404086,1.0958078525214927,1.45926021727884,2.5741156887224292,0.4283154242354034,2.3707515918418314,0.34252563751255766,0.8897063599732145,0.9330080621920736,1.3188782314245053,2.3287100039154174,0.44746779126116754,0.36541485841320825,0.6193583219035856,1.7273526913065267,0.7948816403796816,0.6731030323402062,1.611577650658404,0.856911970591183,0.9174362378643846,1.0644943023413584,1.1596621133840501
image_089.jpg,227.13157650216664,176.09165794713124,153.7017521179345,0.5520765736534724,1.7794457274826794,0.3508736388959229,0.9315876385940078,1.5088631024418024,2.0639141933587997,0.5426380898732321,2.2442099155379003,0.35474464817866075,0.9838427263092776,0.9543013624697512,1.2034485648107645,2.274216800118837,0.5236582503601581,0.34371760311079796,0.6542513450277717,1.397144400995168,1.0901969075668536,0.6301896543943997,1.4403436379632557,1.0710593612321377,1.5437864521209392,0.82443446624182,0.7733717352270337
image_090.jpg,178.12275759373279,125.48661347607326,102.87153766437503,0.5723387198852372,1.782700263256861,0.3007646366844632,1.1095938551132087,1.4526162260711024,2.0217471433837084,0.4343034565581665,2.3797639955595873,0.3275252014720394,0.9399084386552108,0.9711909397604678,1.2304932751741147,2.3420067169318295,0.4590125616386741,0.34057337501928986,0.6199883884976642,1.3578728841122067,1.1637313809799223,0.6315654919770399,1.3755508145542568,1.1344763470584966,1.6511697568476802,0.7153630330702347,0.7750598636718784
image_091.jpg,223.1022250182749,168.46141714386388,149.70131980766914,0.6144266793309069,1.6827384123601483,0.27992642672499507,1.063832037654028,1.3284389489953636,2.4448643077980026,0.5248898642055405,2.2532292648672647,0.3634735245169881,0.9783864329632471,1.0093703545857056,1.1538358660408403,2.212162967111452,0.5557490186657533,0.37368066781258813,0.6482332670748866,1.6519020606081085,0.8414573259067981,0.6594617370486981,1.6000184693422432,0.882112447198852,1.1402747188588178,0.9855386487857539,1.0157792859452217
image_092.jpg,232.6624394101393,180.3690759137112,159.59061306216057,0.5735887096774199,1.7125024898745083,0.30420117148050946,1.0445808806464543,1.4564870014135562,2.1996755441395157,0.4498070710991085,2.3570724530923104,0.334713129398374,0.9113603118955357,0.9503378191465395,1.2798945225477179,2.311120605768071,0.4696547131020466,0.36081733471967603,0.6196854075844631,1.5043499931592468,1.0175572528460837,0.6392378881919331,1.4387872674338245,1.0635674979640357,1.3646230599207472,0.8730972135700975,0.9038723800989488
image_093.jpg,222.29850309122935,172.4555195605435,149.91567878791204,0.5227472850014675,1.838640043173231,0.3278412986266232,1.0325401899890385,1.5065882271992292,2.040075800112297,0.5402090182699039,2.270511943675628,0.3308716916442613,0.9582554511232237,0.9748771658196878,1.2084600366468816,2.226361537533377,0.5620748051455963,0.35315631091081984,0.6035021171603656,1.565772620427577,0.9723179160018508,0.6023383271977139,1.582428595089814,0.9568257313022654,1.2424960524602329,0.9351854197104597,0.9639111814191007
image_094.jpg,225.25077500830167,167.92345968263038,150.2529973895881,0.711733697774307,1.365138592750532,0.31223084444629395,1.0897816673090435,1.4191898066218351,2.1313262926896175,0.4428298802238458,2.326691615686765,0.37207115767918264,0.9489419426345632,1.0331376615665635,1.1595130493886665,2.2210856215203325,0.4886913504168617,0.43181568165259937,0.6198575344823963,1.5936232043726613,0.9281119147347356,0.6384894087454398,1.5011937527928014,1.0019094920515519,1.2249684612936753,0.9360473328870796,0.980576859409038
image_095.jpg,210.32916150552995,166.7814250433172,152.18507178973417,0.6031781557743966,1.6228094070643801,0.2675916026824762,1.1552561403508768,1.2821204923342702,2.5775510204081575,0.4151095481914158,2.408038931311626,0.318444174086751,0.9198173906809567,1.0303850550129858,1.1913902078958507,2.2805357266518627,0.47774433178566567,0.3833125951522648,0.6374965898006211,1.5572673277153728,0.9468287360737994,0.6794814185363878,1.4209892490627158,1.0411219859906897,1.4117817532666315,0.8214390772894241,0.9083718230337376
image_096.jpg,167.14042812626963,117.58981393668931,98.46286636860806,0.6440942424715246,1.585209003215434,0.3174964661536046,1.0355651938194628,1.3765952683036051,2.1639211886304905,0.5251719527303687,2.2471501708456256,0.36927053001379945,1.0191790692742397,1.0404644365078675,1.0819491478076861,2.232062064081704,0.5359141806504337,0.37361640885765557,0.64233837149192,1.5151206645899655,0.9841336175079078,0.6455042431021699,1.5016433814993027,0.9944450289883208,1.441585174411177,0.8405477274757255,0.859459751702891
image_097.jpg,225.3610468900499,173.25477430734392,157.2989430438048,0.5609637057414146,1.6884926580761186,0.26386225710162664,0.992563669897578,1.3745988078862903,2.932610930949934,0.45419621195078425,2.3431749142026574,0.3442215274363513,0.8929626109272767,0.8878420169045727,1.3607880257579437,2.304554340743442,0.4743603917004599,0.36267792114589137,0.7079149697337171,1.5389035224392986,0.8947741614167776,0.6779999501136339,1.6034215897941617,0.8601711136819977,1.07317272060594,1.0403957637158399,1.0280241692680134
image_098.jpg,238.08474957385644,184.3539940229052,163.12073032632648,0.5823616705533188,1.6478602620087361,0.24215379409525398,1.0358167758329866,1.1160033248582046,3.7226064797961325,0.42581237567534996,2.3717818318684727,0.34399844604597,0.8668502077033194,0.8779167845170953,1.3968256613693786,2.3167233988341693,0.4553173310666366,0.36955192368898776,0.8112472087401844,1.363579436437903,0.9667660084117059,0.788474162945183,1.4051675528491607,0.9479509377954495,1.4040622867881867,0.8633066743048017,0.874223692496805
image_099.jpg,218.64247665058872,174.034769286122,155.50086418877976,0.6540832417451139,1.5709781547931838,0.31901238115765007,1.0434293710487512,1.361746291003131,2.1469900642898905,0.5284668714594795,2.236817185736287,0.3763085963940268,0.9990894191806865,1.033728501787875,1.1087747326212316,2.219954525615036,0.5378801456475306,0.3837579823272273,0.6461974853135628,1.5143581633964218,0.9810370048798085,0.6597236621467846,1.4693425588159947,1.0125264326270138,1.4306432736246844,0.8429893412236377,0.8679600387414713
image_100.jpg,228.4109632713455,181.08555512680437,165.86484253096774,0.6308976643842038,1.6655210123418207,0.2958905376045858,1.0017132802370814,1.3291482028557355,2.415700267618199,0.5193108498443958,2.249261175301497,0.37302062844390077,1.0112616683856839,1.0048200754520642,1.1255109097520455,2.2638573202263235,0.5210269897714798,0.3567083435919896,0.6797961569471026,1.4962449934968152,0.9655515031458752,0.6688186865800138,1.497843235249427,0.9749307317603527,1.433857196645409,0.8591923382682437,0.8485431186761405
image_101.jpg,186.66132461562776,131.93160617940822,112.89863212359302,0.6339362618432394,1.6136205698401698,0.3012771302952052,1.0847632986777025,1.3720181421597473,2.180178140096615,0.5179779392178017,2.2919302486144213,0.33168446575757066,1.0144454182688067,1.1407671556623762,0.9863800796586103,2.2212655785304842,0.5490441464708452,0.3712829285884643,0.6195783291384845,1.5991777217665115,0.9228366026847973,0.5933162913337358,1.6180080600651452,0.9302683021909126,1.376652051343285,0.8707318286433035,0.8942087736032045
image_102.jpg,230.91097407680627,185.34865373298942,165.6150853998522,0.5713915924622066,1.7379881230879948,0.27533072387653,0.9727215769434677,1.3382997936016512,2.8094590921446088,0.46506504249519864,2.3382108176470897,0.33831679344750465,0.9670252175531656,0.9696259939865216,1.2049414420501057,2.337124731717409,0.46373760180113854,0.3407303200712456,0.6952580800869568,1.4789068127084561,0.9674277607943801,0.664439480794058,1.5255416094250338,0.9516115633707013,1.394748329477241,0.8906982929614965,0.856146031151056
image_103.jpg,223.79833343272273,172.05206133287524,150.87550464369698,0.5628257735388715,1.72112998663867,0.2897997566102447,0.8270845247626677,1.4596968078001862,2.95054187192118,0.5454600010848214,2.2135087922185597,0.3826238602864123,1.0456989645915324,0.903613577946071,1.1922801110521901,2.326929762916735,0.49123376128587204,0.32342912938718626,0.7092645681942407,1.5728551137751516,0.8594729716204009,0.6270923751501313,1.7871798972160557,0.7273203812236063,1.0248171954625906,1.1205400540823378,0.9962354040448647
image_104.jpg,221.64766433181305,169.92447000978154,150.97497796535538,0.5977676169983862,1.6732673267326779,0.34745895230648843,0.9953823804088408,1.5044883303411132,1.921409823772029,0.5331637771624002,2.2398876116148654,0.3685412648125284,1.0204103791181052,0.9827937232473292,1.1383885512243588,2.268449102511375,0.5215564741462221,0.35158707693219715,0.6132308637730018,1.447705889154562,1.0806559006622294,0.6236376841657493,1.4723406082362507,1.0456143611877933,1.5046219168196897,0.8113393277112629,0.8256314090588407
image_105.jpg,146.9288627575535,102.59516923562619,87.04144287304534,0.552918869225465,1.7835622053699538,0.2677753080321614,0.913789212367412,1.5380076362374162,2.694481970279542,0.4682198206850387,2.321143776375507,0.35222905652924735,0.9869687867450551,0.900951375164658,1.25367249168008,2.3995007305870546,0.4289663194470296,0.31312560355570845,0.6357023764368905,1.635202222006977,0.8706880551459256,0.6260006201957028,1.7123475999467284,0.8032444334473621,1.0166083334608453,1.0780148098882507,1.0469695102406973
image_106.jpg,228.00974001533967,187.49535856807358,169.4096507363438,0.6491197489977347,1.5406512252433706,0.3263298571553762,1.080510380418058,1.501172707889125,1.889097744360901,0.5326262961421694,2.242796875484536,0.3661694819630879,1.070210864260908,1.0622966469228854,1.0090851424059997,2.2160032045880915,0.5559515237103739,0.3696379252913281,0.5407831639784688,1.7563600903471925,0.8444493992641315,0.5923381747656815,1.6518992543891506,0.8973552244349607,1.130033412782827,0.9663945705606006,1.0451646702463655
image_107.jpg,219.64024172862028,165.26665935372495,150.22690975813617,0.5959310039805393,1.7452720957159398,0.2850447754626064,1.024664637583136,1.3663247389335562,2.409306813121567,0.4938270036947327,2.291650891200652,0.35611475869440884,0.9496688044946705,0.9692414024039652,1.2226824466911574,2.309360076568334,0.4825012085680692,0.34973136845338887,0.6649621049695291,1.4879293772872895,0.9887011713329745,0.6550557092320639,1.5248211341466125,0.9617158102111166,1.3419062219067295,0.891179637862899,0.9085067938201647
image_108.jpg,220.82139772842174,185.1182932570165,161.73398956301136,0.5998881374891949,1.6511627906976758,0.261688197556903,1.1251297770307014,1.3650290187609668,2.5119511781657904,0.4419224723876115,2.3689547699284166,0.3307154112737647,0.9416766221928747,1.0131802683225324,1.1867357630743862,2.2825875162651554,0.48656044801727993,0.3724446893073578,0.6126777540425773,1.6827258153646816,0.8461890841825345,0.6442928742652054,1.5990865186217624,0.8982132607028257,1.111477109537634,0.9700859453275321,1.0600295987246273
image_109.jpg,227.84127182178923,174.3807711505631,168.4423627700337,0.5824784017278622,1.7459344803205328,0.1479944192535748,1.0275433220436174,1.1637504952972832,5.556315179606019,0.25795563592693577,2.587549277307357,0.29608774035549995,0.6296612445736043,0.5567015979095777,1.9552298111066113,2.6264645484532476,0.2619746130208939,0.25315349211565163,0.7920001563345594,1.4042792478369273,0.9453132494183064,0.9171604298753748,1.2812926548335082,0.9431395688809102,1.0931423609313877,0.955949174969616,1.0925011176887898
image_110.jpg,181.46756133107561,134.01687482206708,108.3314918770585,0.5780625706747082,1.844923504867876,0.2704430903483031,1.0955618741500806,1.3868442107669448,2.2819509650495546,0.46825405180693513,2.328216405373257,0.3451221964096012,0.9050135612172573,0.9349985716265008,1.301580520746035,2.2867636917208256,0.5049582295876134,0.3498707322813536,0.6390695726716324,1.5684886702821523,0.9340344106360086,0.6517144764600555,1.509112848666461,0.9807653284632768,1.2090103387939826,0.9384142714507245,0.994168043345086
image_111.jpg,223.28645870935853,169.48128211725358,140.8224593967806,0.5986330543311376,1.6559501353235506,0.22025325601979753,1.0300881991738302,1.3049242424242424,3.407297096053612,0.37263648773894525,2.4341735609729964,0.33478260487785205,0.7950993142716422,0.8155946048270988,1.530898734491052,2.4154884529715264,0.37746963672358025,0.3486345638946873,0.7408240560908395,1.46811087552591,0.9326577219730438,0.7317896230731933,1.4981449268963607,0.9116581036202394,1.102613601493725,1.006091770594674,1.0328872815013945
image_112.jpg,217.75892537923056,185.05166017387683,160.2223346907099,0.6271910535905002,1.646018614270941,0.20539507221750214,0.9918678633126873,1.1399135446685873,4.171090854452574,0.39136980737355426,2.378519641441053,0.3717032047751856,0.8370898823687717,0.7851155267187325,1.519387244502289,2.437468402383842,0.3730182393781764,0.33110601182777455,0.8058622624567102,1.4186504704143916,0.9170799207186915,0.8280609270650187,1.4320170477467415,0.8815146787780326,1.210321327913204,0.9515471132801422,0.979724212396447
image_113.jpg,222.00991846826903,174.19852474656886,147.78185843953406,0.613253749617387,1.604321404456445,0.33776331066511905,1.008657827596303,1.4342531493701256,2.0801098078362847,0.5274031467895,2.2610008834850057,0.35318862331528755,1.0231946357704518,1.0484216311859755,1.069976386633366,2.249797070322693,0.5257527440688197,0.3660428391982804,0.6427139481995892,1.4312803525634856,1.0675983528267186,0.6695401603580545,1.3651691241992068,1.1068833690325317,1.6975279812699606,0.7144669287680662,0.7295977435517665
